server,safety_incidents,kinds,version_same,version_changed,version_undeclared,version_not_recorded,tool_removals,toolset_replaced_removals,first_seen,last_seen
AWS Knowledge,1,tool-removed:1,1,0,0,0,1,0,2026-07-11T17:51:40Z,2026-07-11T17:51:40Z
Ferryhopper,1,output-schema-changed:1,1,0,0,0,0,0,2026-07-15T16:22:07Z,2026-07-15T16:22:07Z
Google Big Query,5,output-schema-changed:5,5,0,0,0,0,0,2026-07-11T17:51:40Z,2026-07-18T16:22:26Z
Manifold,2,enum-values-removed:1;removed-param:1,2,0,0,0,0,0,2026-06-10T16:22:37Z,2026-06-10T16:22:37Z
ai.buywhere/catalog-api,1,removed-param:1,1,0,0,0,0,0,2026-07-17T16:22:00Z,2026-07-17T16:22:00Z
ai.demanddiscovery/mcp,1,output-schema-changed:1,0,1,0,0,0,0,2026-07-11T17:51:40Z,2026-07-11T17:51:40Z
ai.drillr/drillr,2,tool-removed:2,2,0,0,0,2,0,2026-07-14T16:22:17Z,2026-07-14T16:22:17Z
ai.dynamicfeed/dynamic-feed,1,tool-removed:1,0,1,0,0,1,0,2026-07-11T17:51:40Z,2026-07-11T17:51:40Z
ai.intuitek.the-stall/the-stall,13,added-required-param:2;removed-param:3;required-set-expanded:1;tool-removed:6;type-changed:1,0,13,0,0,6,5,2026-07-11T17:51:40Z,2026-07-16T16:22:06Z
ai.kifly/mcp,1,type-changed:1,1,0,0,0,0,0,2026-06-12T16:22:32Z,2026-06-12T16:22:32Z
ai.ludo/game-assets,1,enum-values-removed:1,1,0,0,0,0,0,2026-06-11T16:22:23Z,2026-06-11T16:22:23Z
ai.memestack/mcp,2,constraint-narrowed:1;output-schema-changed:1,2,0,0,0,0,0,2026-07-14T16:22:17Z,2026-07-14T16:22:17Z
ai.mrmarket/mrmarket-mcp,3,constraint-narrowed:3,3,0,0,0,0,0,2026-06-12T16:22:32Z,2026-07-11T17:51:40Z
ai.myriade/myriade,1,removed-param:1,1,0,0,0,0,0,2026-06-10T16:22:37Z,2026-06-10T16:22:37Z
ai.searchshop.www/la-luer,1,constraint-narrowed:1,1,0,0,0,0,0,2026-07-11T17:51:40Z,2026-07-11T17:51:40Z
ai.sitepulsar/mcp,2,output-schema-changed:2,2,0,0,0,0,0,2026-06-20T16:22:39Z,2026-06-20T16:22:39Z
ai.specproof/specproof-mcp,7,tool-removed:3;type-changed:4,0,7,0,0,3,0,2026-07-11T17:51:40Z,2026-07-11T17:51:40Z
ai.switchapp/switch,2,enum-values-removed:1;type-changed:1,2,0,0,0,0,0,2026-06-10T16:22:37Z,2026-07-11T17:51:40Z
ai.thinkneo/control-plane,38,added-required-param:8;annotation-flip-to-destructive:1;removed-param:10;required-set-expanded:1;tool-removed:18,38,0,0,0,18,18,2026-07-11T17:51:40Z,2026-07-11T17:51:40Z
ai.tunnelmind/sigil,1,tool-removed:1,1,0,0,0,1,0,2026-07-11T17:51:40Z,2026-07-11T17:51:40Z
ai.villiers/charter,1,output-schema-changed:1,1,0,0,0,0,0,2026-07-11T17:51:40Z,2026-07-11T17:51:40Z
ai.xpoz/social-insights,1,removed-param:1,1,0,0,0,0,0,2026-07-11T17:51:40Z,2026-07-11T17:51:40Z
am.mana/mana-public,5,tool-removed:5,5,0,0,0,5,0,2026-06-11T16:22:23Z,2026-07-11T17:51:40Z
app.clicon/lotus,3,removed-param:3,3,0,0,0,0,0,2026-06-18T16:21:59Z,2026-06-18T16:21:59Z
app.evlek/mcp-server,1,output-schema-changed:1,0,1,0,0,0,0,2026-06-10T16:22:37Z,2026-06-13T16:22:33Z
app.flaim/mcp,1,type-changed:1,1,0,0,0,0,0,2026-07-19T16:22:29Z,2026-07-19T16:22:29Z
app.humantaste/taste-mcp,1,output-schema-changed:1,1,0,0,0,0,0,2026-07-11T17:51:40Z,2026-07-11T17:51:40Z
bid.scope/legal,4,annotation-flip-to-destructive:4,4,0,0,0,0,0,2026-06-11T16:22:23Z,2026-06-11T16:22:23Z
bot.mailbox/mailbox,9,added-required-param:1;annotation-flip-to-destructive:1;output-schema-changed:7,0,9,0,0,0,0,2026-07-11T17:51:40Z,2026-07-11T17:51:40Z
ch.entscheidsuche/mcp,2,type-changed:2,2,0,0,0,0,0,2026-06-15T16:22:20Z,2026-06-15T16:22:20Z
ch.opencaselaw/swiss-caselaw,1,removed-param:1,1,0,0,0,0,0,2026-07-18T16:22:26Z,2026-07-18T16:22:26Z
cloud.dchub/mcp-server,7,annotation-flip-to-destructive:2;constraint-narrowed:3;output-schema-changed:2,7,0,0,0,0,0,2026-07-14T16:22:17Z,2026-07-19T16:22:29Z
cloud.theprotocol/registry,28,annotation-flip-to-destructive:28,28,0,0,0,0,0,2026-07-17T16:22:00Z,2026-07-17T16:22:00Z
co.ainumbers/tools,32,removed-param:32,0,32,0,0,0,0,2026-06-19T16:22:20Z,2026-06-19T16:22:20Z
co.clutch/mcp,1,output-schema-changed:1,0,1,0,0,0,0,2026-07-11T17:51:40Z,2026-07-11T17:51:40Z
co.tempguru/event-staffing,10,annotation-flip-to-destructive:1;constraint-narrowed:3;output-schema-changed:6,1,9,0,0,0,0,2026-06-10T16:22:37Z,2026-07-17T16:22:00Z
com.52choujiang/douyin-insights,10,output-schema-changed:10,10,0,0,0,0,0,2026-07-11T17:51:40Z,2026-07-17T16:22:00Z
com.52choujiang/kuaishou-insights,14,output-schema-changed:13;tool-removed:1,14,0,0,0,1,0,2026-06-18T16:21:59Z,2026-07-17T16:22:00Z
com.52choujiang/xhs-insights,9,output-schema-changed:8;removed-param:1,9,0,0,0,0,0,2026-06-14T16:22:23Z,2026-07-17T16:22:00Z
com.advocatemcp/advocate,20,added-required-param:3;annotation-flip-to-destructive:5;constraint-narrowed:4;output-schema-changed:5;removed-param:3,0,20,0,0,0,0,2026-07-12T16:21:45Z,2026-07-17T16:22:00Z
com.apideck/mcp,1,type-changed:1,0,1,0,0,0,0,2026-06-16T16:22:12Z,2026-06-16T16:22:12Z
com.bankruptcyobserver/mcp,3,added-required-param:1;removed-param:1;tool-removed:1,2,1,0,0,1,0,2026-06-15T16:22:20Z,2026-06-16T16:22:12Z
com.blockscout/mcp-server,2,output-schema-changed:2,2,0,0,0,0,0,2026-06-16T16:22:12Z,2026-06-16T16:22:12Z
com.boostermage/mtg-prices,11,output-schema-changed:11,0,11,0,0,0,0,2026-06-13T16:22:33Z,2026-06-13T16:22:33Z
com.cambercloud.camber-mcp/camber-mcp-server,1,tool-removed:1,1,0,0,0,1,0,2026-07-11T17:51:40Z,2026-07-11T17:51:40Z
com.civilquants/civilquants,54,output-schema-changed:53;type-changed:1,54,0,0,0,0,0,2026-06-09T16:22:30Z,2026-06-14T16:22:23Z
com.create-web-page/create-web-page,1,type-changed:1,1,0,0,0,0,0,2026-06-16T16:22:12Z,2026-06-16T16:22:12Z
com.decision-anchor/da,10,added-required-param:1;enum-values-removed:2;removed-param:3;type-changed:4,10,0,0,0,0,0,2026-07-13T16:21:43Z,2026-07-13T16:21:43Z
com.googleapis.androidmanagement/mcp,4,output-schema-changed:4,4,0,0,0,0,0,2026-06-15T16:22:20Z,2026-07-14T16:22:17Z
com.googleapis.bigtableadmin/mcp,2,output-schema-changed:2,2,0,0,0,0,0,2026-07-11T17:51:40Z,2026-07-11T17:51:40Z
com.googleapis.compute/mcp,7,output-schema-changed:7,7,0,0,0,0,0,2026-06-16T16:22:12Z,2026-07-17T16:22:00Z
com.googleapis.datastream/mcp,1,output-schema-changed:1,1,0,0,0,0,0,2026-07-11T17:51:40Z,2026-07-11T17:51:40Z
com.googleapis.firestore/mcp,6,removed-param:6,6,0,0,0,0,0,2026-07-14T16:22:17Z,2026-07-14T16:22:17Z
com.googleapis.mapstools/mcp,1,output-schema-changed:1,1,0,0,0,0,0,2026-07-11T17:51:40Z,2026-07-11T17:51:40Z
com.googleapis.memorystore/mcp,2,output-schema-changed:2,2,0,0,0,0,0,2026-07-11T17:51:40Z,2026-07-11T17:51:40Z
com.googleapis.monitoring/mcp,2,output-schema-changed:2,2,0,0,0,0,0,2026-06-11T16:22:23Z,2026-07-11T17:51:40Z
com.googleapis.sqladmin/mcp,14,output-schema-changed:12;removed-param:2,14,0,0,0,0,0,2026-06-11T16:22:23Z,2026-07-17T16:22:00Z
com.googleapis.stitch/mcp,11,output-schema-changed:11,11,0,0,0,0,0,2026-06-14T16:22:23Z,2026-07-11T17:51:40Z
com.hemmabo/hemmabo-mcp-server,8,added-required-param:1;constraint-narrowed:3;output-schema-changed:3;removed-param:1,0,8,0,0,0,0,2026-06-15T16:22:20Z,2026-07-11T17:51:40Z
com.kernelcad/kernelcad,72,added-required-param:2;annotation-flip-to-destructive:11;output-schema-changed:3;removed-param:2;required-set-expanded:1;tool-removed:51;type-changed:2,72,0,0,0,51,51,2026-06-14T16:22:23Z,2026-07-18T16:22:26Z
com.legalfournier/spain-legal,9,output-schema-changed:9,0,9,0,0,0,0,2026-07-11T17:51:40Z,2026-07-17T16:22:00Z
com.lionx402/lion-x402,38,added-required-param:2;enum-values-removed:1;output-schema-changed:3;removed-param:12;required-set-expanded:2;tool-removed:16;type-changed:2,3,35,0,0,16,14,2026-06-09T16:22:30Z,2026-07-18T16:22:26Z
com.memxus/memxus,9,constraint-narrowed:2;output-schema-changed:7,0,9,0,0,0,0,2026-07-11T17:51:40Z,2026-07-11T17:51:40Z
com.metricduck/financial-analysis,5,enum-values-removed:3;removed-param:1;tool-removed:1,5,0,0,0,1,0,2026-06-10T16:22:37Z,2026-07-16T16:22:06Z
com.mystoq/storefront,4,added-required-param:1;removed-param:2;required-set-expanded:1,4,0,0,0,0,0,2026-07-13T16:21:43Z,2026-07-13T16:21:43Z
com.pangolinfo/amazon-mcp,2,constraint-narrowed:2,0,2,0,0,0,0,2026-06-17T16:21:56Z,2026-06-17T16:21:56Z
com.petabloom/podcasts,3,output-schema-changed:3,0,3,0,0,0,0,2026-07-11T17:51:40Z,2026-07-11T17:51:40Z
com.phasefolio/phasefolio,3,output-schema-changed:1;removed-param:1;required-set-expanded:1,3,0,0,0,0,0,2026-06-17T16:21:56Z,2026-07-11T17:51:40Z
com.redpanda/docs-mcp,1,added-required-param:1,1,0,0,0,0,0,2026-06-13T16:22:33Z,2026-06-13T16:22:33Z
com.runriva.quizbase/mcp,2,type-changed:2,2,0,0,0,0,0,2026-06-18T16:21:59Z,2026-06-18T16:21:59Z
com.sats4ai/bitcoin-ai-tools,8,annotation-flip-to-destructive:5;constraint-narrowed:2;removed-param:1,8,0,0,0,0,0,2026-06-18T16:21:59Z,2026-07-11T17:51:40Z
com.savvly/savvly,14,constraint-narrowed:3;enum-values-removed:1;output-schema-changed:8;removed-param:2,0,14,0,0,0,0,2026-06-10T16:22:37Z,2026-07-12T16:21:45Z
com.senzing/mcp,3,required-set-expanded:1;type-changed:2,3,0,0,0,0,0,2026-06-10T16:22:37Z,2026-07-14T16:22:17Z
com.servicialo/mcp-server,3,added-required-param:3,3,0,0,0,0,0,2026-07-11T17:51:40Z,2026-07-11T17:51:40Z
com.spocont/booboooking,1,constraint-narrowed:1,1,0,0,0,0,0,2026-07-11T17:51:40Z,2026-07-11T17:51:40Z
com.spocont/ifrCoworker,7,enum-values-removed:4;tool-removed:3,7,0,0,0,3,0,2026-06-10T16:22:37Z,2026-06-11T16:22:23Z
com.tableall/mcp,1,tool-removed:1,1,0,0,0,1,0,2026-06-10T16:22:37Z,2026-06-10T16:22:37Z
com.taxact/taxact-mcp,3,constraint-narrowed:2;tool-removed:1,3,0,0,0,1,0,2026-06-12T16:22:32Z,2026-07-11T17:51:40Z
com.teamwork/mcp,12,added-required-param:1;output-schema-changed:6;tool-removed:5,0,12,0,0,5,5,2026-06-12T16:22:32Z,2026-07-11T17:51:40Z
com.theagenttimes/agent-news,3,removed-param:1;tool-removed:2,3,0,0,0,2,0,2026-06-18T16:21:59Z,2026-06-18T16:21:59Z
com.thequietprotocol.www/tqp-growth-offense,1,output-schema-changed:1,1,0,0,0,0,0,2026-07-11T17:51:40Z,2026-07-16T16:22:06Z
com.tickerdb/mcp-server,8,removed-param:1;tool-removed:7,0,8,0,0,7,7,2026-07-15T16:22:07Z,2026-07-15T16:22:07Z
com.tkawen/intelligence-gateway,11,added-required-param:1;removed-param:2;required-set-expanded:1;tool-removed:7,11,0,0,0,7,7,2026-06-12T16:22:32Z,2026-07-13T16:21:43Z
com.trip1/mcp,1,annotation-flip-to-destructive:1,1,0,0,0,0,0,2026-07-11T17:51:40Z,2026-07-11T17:51:40Z
com.valksor/livonian,7,added-required-param:1;output-schema-changed:2;removed-param:1;tool-removed:3,0,7,0,0,3,0,2026-06-12T16:22:32Z,2026-07-11T17:51:40Z
com.wingmanprotocol.agent/gateway,4,annotation-flip-to-destructive:4,0,4,0,0,0,0,2026-06-16T16:22:12Z,2026-06-16T16:22:12Z
de.carbon-cashmere.api/crypto-intelligence,104,tool-removed:104,104,0,0,0,104,104,2026-06-12T16:22:32Z,2026-06-12T16:22:32Z
de.claimondo/sv-finder,2,output-schema-changed:2,2,0,0,0,0,0,2026-07-11T17:51:40Z,2026-07-11T17:51:40Z
dev.workers.lionmaster-operations.lion-x402/lion-x402,38,added-required-param:2;enum-values-removed:1;output-schema-changed:3;removed-param:12;required-set-expanded:2;tool-removed:16;type-changed:2,3,35,0,0,16,14,2026-06-09T16:22:30Z,2026-07-18T16:22:26Z
dev.xpansion/xfms,3,output-schema-changed:3,0,3,0,0,0,0,2026-06-10T16:22:37Z,2026-06-10T16:22:37Z
finance.shibui/data,1,annotation-flip-to-destructive:1,1,0,0,0,0,0,2026-07-11T17:51:40Z,2026-07-11T17:51:40Z
fund.zooid/zooidfund,1,added-required-param:1,1,0,0,0,0,0,2026-07-12T16:21:45Z,2026-07-12T16:21:45Z
io.carbone/carbone-mcp,3,annotation-flip-to-destructive:1;constraint-narrowed:1;type-changed:1,0,3,0,0,0,0,2026-07-11T17:51:40Z,2026-07-11T17:51:40Z
io.favcrm/favcrm,2,type-changed:2,2,0,0,0,0,0,2026-07-11T17:51:40Z,2026-07-11T17:51:40Z
io.github.0580iris-lang/x711-gas-station,1,removed-param:1,1,0,0,0,0,0,2026-07-11T17:51:40Z,2026-07-11T17:51:40Z
io.github.0rkz/byte-protocol,13,output-schema-changed:12;tool-removed:1,0,13,0,0,1,0,2026-06-12T16:22:32Z,2026-07-11T17:51:40Z
io.github.ABTdomain/domainkits-mcp,2,output-schema-changed:2,2,0,0,0,0,0,2026-07-11T17:51:40Z,2026-07-11T17:51:40Z
io.github.AlgoVaultFi/crypto-quant-signal-mcp,2,tool-removed:2,2,0,0,0,2,0,2026-07-16T16:22:06Z,2026-07-16T16:22:06Z
io.github.AlvisoOculus/optionsahoy-mcp,17,constraint-narrowed:6;output-schema-changed:3;removed-param:1;required-set-expanded:1;type-changed:6,0,17,0,0,0,0,2026-06-17T16:21:56Z,2026-07-19T16:22:29Z
io.github.BuyWhere/buywhere-mcp,1,removed-param:1,1,0,0,0,0,0,2026-07-17T16:22:00Z,2026-07-17T16:22:00Z
io.github.CDCStream/captapi,17,added-required-param:2;removed-param:4;tool-removed:11,17,0,0,0,11,8,2026-07-16T16:22:06Z,2026-07-19T16:22:29Z
io.github.Crindo2/gph-mcp-server,1,constraint-narrowed:1,1,0,0,0,0,0,2026-06-11T16:22:23Z,2026-06-11T16:22:23Z
io.github.DigbyO/colour-memory,71,added-required-param:1;output-schema-changed:66;removed-param:1;tool-removed:3,67,4,0,0,3,0,2026-06-14T16:22:23Z,2026-07-11T17:51:40Z
io.github.HeyZod/mansa-african-markets,14,annotation-flip-to-destructive:14,0,14,0,0,0,0,2026-06-12T16:22:32Z,2026-06-12T16:22:32Z
io.github.JasonColapietro/agentic-commerce-catalog,20,tool-removed:20,20,0,0,0,20,20,2026-06-11T16:22:23Z,2026-07-11T17:51:40Z
io.github.JcJamet/ia-qa-toolbox,146,output-schema-changed:146,146,0,0,0,0,0,2026-07-11T17:51:40Z,2026-07-11T17:51:40Z
io.github.JinGuYuan/jinguyuan-mcp,8,output-schema-changed:5;tool-removed:3,4,4,0,0,3,0,2026-07-11T17:51:40Z,2026-07-14T16:22:17Z
io.github.Kochava/kochava-for-advertisers-mcp-server,2,output-schema-changed:2,0,2,0,0,0,0,2026-07-17T16:22:00Z,2026-07-17T16:22:00Z
io.github.Kubedoll-Heavy-Industries/helm-mcp,1,output-schema-changed:1,1,0,0,0,0,0,2026-07-11T17:51:40Z,2026-07-11T17:51:40Z
io.github.LarryLemonBot/boundary-guard-x402,1,tool-removed:1,0,1,0,0,1,0,2026-07-15T16:22:07Z,2026-07-15T16:22:07Z
io.github.Odds7/fia-signals-mcp,2,required-set-expanded:2,2,0,0,0,0,0,2026-07-11T17:51:40Z,2026-07-11T17:51:40Z
io.github.OjasKord/bizfile-mcp,1,removed-param:1,0,1,0,0,0,0,2026-07-11T17:51:40Z,2026-07-11T17:51:40Z
io.github.PayRam/payram-helper-mcp,4,enum-values-removed:1;output-schema-changed:2;required-set-expanded:1,4,0,0,0,0,0,2026-06-12T16:22:32Z,2026-06-12T16:22:32Z
io.github.Poiuyhje/eqvps,1,removed-param:1,1,0,0,0,0,0,2026-06-09T16:22:30Z,2026-06-09T16:22:30Z
io.github.PrinceGabriel-lgtm/freshcontext,1,constraint-narrowed:1,0,1,0,0,0,0,2026-06-12T16:22:32Z,2026-06-12T16:22:32Z
io.github.QasperAI/qasper,1,added-required-param:1,1,0,0,0,0,0,2026-06-09T16:22:30Z,2026-06-09T16:22:30Z
io.github.RavioleLabs/predmcp,6,tool-removed:6,0,6,0,0,6,6,2026-06-11T16:22:23Z,2026-06-11T16:22:23Z
io.github.RipperMercs/terminalfeed,9,constraint-narrowed:9,0,9,0,0,0,0,2026-07-11T17:51:40Z,2026-07-11T17:51:40Z
io.github.RustamIsmail/healthy-aging-atlas,5,constraint-narrowed:5,0,5,0,0,0,0,2026-07-19T16:22:29Z,2026-07-19T16:22:29Z
io.github.SidneyBissoli/medical-terminologies-mcp,21,output-schema-changed:21,0,21,0,0,0,0,2026-07-11T17:51:40Z,2026-07-11T17:51:40Z
io.github.SoapyRED/freightutils,13,constraint-narrowed:12;type-changed:1,2,11,0,0,0,0,2026-06-16T16:22:12Z,2026-06-20T16:22:39Z
io.github.Tanbir404/zephex,1,annotation-flip-to-destructive:1,1,0,0,0,0,0,2026-07-16T16:22:06Z,2026-07-16T16:22:06Z
io.github.Tomalarrrr/cyclesite-mcp-server,7,output-schema-changed:7,7,0,0,0,0,0,2026-07-11T17:51:40Z,2026-07-16T16:22:06Z
io.github.TrackingTime/mcp-server,2,added-required-param:1;required-set-expanded:1,2,0,0,0,0,0,2026-06-13T16:22:33Z,2026-06-13T16:22:33Z
io.github.Trupe-Rs/expert-brain,11,added-required-param:1;output-schema-changed:1;removed-param:5;tool-removed:4,0,11,0,0,4,0,2026-07-11T17:51:40Z,2026-07-11T17:51:40Z
io.github.Vortx-AI/emem,75,tool-removed:75,75,0,0,0,75,75,2026-07-14T16:22:17Z,2026-07-14T16:22:17Z
io.github.WellApp-ai/well-mcp,1,annotation-flip-to-destructive:1,1,0,0,0,0,0,2026-07-16T16:22:06Z,2026-07-16T16:22:06Z
io.github.acromoney888/jobdonebot,1,removed-param:1,1,0,0,0,0,0,2026-06-13T16:22:33Z,2026-06-13T16:22:33Z
io.github.africanmarketos591/mvr-api,24,output-schema-changed:3;removed-param:4;tool-removed:15;type-changed:2,24,0,0,0,15,15,2026-07-12T16:21:45Z,2026-07-18T16:22:26Z
io.github.agenticempire/axint,36,annotation-flip-to-destructive:1;output-schema-changed:35,0,36,0,0,0,0,2026-07-16T16:22:06Z,2026-07-16T16:22:06Z
io.github.aitrailblazer/deltasignal-atlas-7,10,tool-removed:10,10,0,0,0,10,10,2026-06-09T16:22:30Z,2026-06-09T16:22:30Z
io.github.ajc3xc/meridian,48,output-schema-changed:47;tool-removed:1,48,0,0,0,1,0,2026-06-10T16:22:37Z,2026-07-11T17:51:40Z
io.github.aleksUIX/vastlint,13,output-schema-changed:13,13,0,0,0,0,0,2026-06-15T16:22:20Z,2026-07-11T17:51:40Z
io.github.andrew-ji-cupix/cupix-compass,13,output-schema-changed:1;tool-removed:12,6,7,0,0,12,12,2026-06-10T16:22:37Z,2026-07-11T17:51:40Z
io.github.aramai-schematica/coremodels,4,constraint-narrowed:3;removed-param:1,4,0,0,0,0,0,2026-07-15T16:22:07Z,2026-07-15T16:22:07Z
io.github.athenalion/fincore-agentic-commerce,2,added-required-param:1;type-changed:1,0,2,0,0,0,0,2026-07-11T17:51:40Z,2026-07-11T17:51:40Z
io.github.augiemazza/varrd,1,output-schema-changed:1,0,1,0,0,0,0,2026-06-16T16:22:12Z,2026-06-16T16:22:12Z
io.github.ax-platform/ax-platform,3,constraint-narrowed:3,3,0,0,0,0,0,2026-06-13T16:22:33Z,2026-06-13T16:22:33Z
io.github.bitcompare/mcp-server,3,output-schema-changed:3,3,0,0,0,0,0,2026-06-17T16:21:56Z,2026-06-17T16:21:56Z
io.github.blueprint-infrastructure/solentic,1,added-required-param:1,1,0,0,0,0,0,2026-06-15T16:22:20Z,2026-06-15T16:22:20Z
io.github.butterbase-ai/mcp,20,tool-removed:20,20,0,0,0,20,20,2026-06-10T16:22:37Z,2026-06-13T16:22:33Z
io.github.bystray/gonka-mcp-server,7,output-schema-changed:7,0,7,0,0,0,0,2026-06-16T16:22:12Z,2026-06-16T16:22:12Z
io.github.coderifts/api-governance,4,added-required-param:1;constraint-narrowed:1;removed-param:1;tool-removed:1,4,0,0,0,1,0,2026-07-11T17:51:40Z,2026-07-14T16:22:17Z
io.github.conversoriaecnae/conversor-iae-cnae,1,constraint-narrowed:1,1,0,0,0,0,0,2026-07-11T17:51:40Z,2026-07-11T17:51:40Z
io.github.copperline-labs/rendex-mcp,3,annotation-flip-to-destructive:1;removed-param:2,3,0,0,0,0,0,2026-07-11T17:51:40Z,2026-07-11T17:51:40Z
io.github.cryptosun/proximens-oracle,5,output-schema-changed:5,5,0,0,0,0,0,2026-07-11T17:51:40Z,2026-07-11T17:51:40Z
io.github.curlymolelabs/supericons,7,annotation-flip-to-destructive:3;output-schema-changed:4,0,7,0,0,0,0,2026-07-11T17:51:40Z,2026-07-16T16:22:06Z
io.github.cyanheads/arxiv-mcp-server,1,output-schema-changed:1,0,1,0,0,0,0,2026-06-16T16:22:12Z,2026-06-16T16:22:12Z
io.github.cyanheads/bls-labor-mcp-server,3,output-schema-changed:3,0,3,0,0,0,0,2026-06-12T16:22:32Z,2026-07-17T16:22:00Z
io.github.cyanheads/bluesky-mcp-server,5,output-schema-changed:5,0,5,0,0,0,0,2026-06-16T16:22:12Z,2026-06-16T16:22:12Z
io.github.cyanheads/cdc-health-mcp-server,3,constraint-narrowed:1;output-schema-changed:2,0,3,0,0,0,0,2026-06-12T16:22:32Z,2026-07-11T17:51:40Z
io.github.cyanheads/clinicaltrialsgov-mcp-server,6,output-schema-changed:6,0,6,0,0,0,0,2026-06-12T16:22:32Z,2026-07-11T17:51:40Z
io.github.cyanheads/courtlistener-mcp-server,6,output-schema-changed:6,0,6,0,0,0,0,2026-06-12T16:22:32Z,2026-07-16T16:22:06Z
io.github.cyanheads/devops-status-mcp-server,7,annotation-flip-to-destructive:1;constraint-narrowed:1;output-schema-changed:5,0,7,0,0,0,0,2026-06-12T16:22:32Z,2026-07-11T17:51:40Z
io.github.cyanheads/earthquake-mcp-server,3,output-schema-changed:3,0,3,0,0,0,0,2026-07-11T17:51:40Z,2026-07-11T17:51:40Z
io.github.cyanheads/eia-energy-mcp-server,3,output-schema-changed:3,0,3,0,0,0,0,2026-06-13T16:22:33Z,2026-06-13T16:22:33Z
io.github.cyanheads/ensembl-mcp-server,4,output-schema-changed:4,0,4,0,0,0,0,2026-07-11T17:51:40Z,2026-07-11T17:51:40Z
io.github.cyanheads/eur-lex-mcp-server,11,constraint-narrowed:1;enum-values-removed:1;output-schema-changed:7;type-changed:2,0,11,0,0,0,0,2026-07-11T17:51:40Z,2026-07-16T16:22:06Z
io.github.cyanheads/eurostat-mcp-server,2,output-schema-changed:2,0,2,0,0,0,0,2026-07-11T17:51:40Z,2026-07-11T17:51:40Z
io.github.cyanheads/exchange-rates-mcp-server,1,output-schema-changed:1,0,1,0,0,0,0,2026-06-12T16:22:32Z,2026-06-12T16:22:32Z
io.github.cyanheads/fcc-broadband-mcp-server,3,output-schema-changed:3,0,3,0,0,0,0,2026-06-12T16:22:32Z,2026-07-11T17:51:40Z
io.github.cyanheads/fema-mcp-server,7,constraint-narrowed:1;output-schema-changed:6,0,7,0,0,0,0,2026-06-11T16:22:23Z,2026-07-11T17:51:40Z
io.github.cyanheads/gbif-biodiversity-mcp-server,7,output-schema-changed:7,0,7,0,0,0,0,2026-06-12T16:22:32Z,2026-07-14T16:22:17Z
io.github.cyanheads/gdelt-mcp-server,11,constraint-narrowed:7;output-schema-changed:4,0,11,0,0,0,0,2026-07-16T16:22:06Z,2026-07-16T16:22:06Z
io.github.cyanheads/hn-mcp-server,4,output-schema-changed:4,0,4,0,0,0,0,2026-06-12T16:22:32Z,2026-06-12T16:22:32Z
io.github.cyanheads/imf-mcp-server,2,output-schema-changed:2,0,2,0,0,0,0,2026-06-11T16:22:23Z,2026-07-11T17:51:40Z
io.github.cyanheads/met-museum-mcp-server,2,output-schema-changed:2,0,2,0,0,0,0,2026-07-17T16:22:00Z,2026-07-17T16:22:00Z
io.github.cyanheads/noaa-marine-mcp-server,1,output-schema-changed:1,0,1,0,0,0,0,2026-06-13T16:22:33Z,2026-07-16T16:22:06Z
io.github.cyanheads/noaa-spaceweather-mcp-server,3,output-schema-changed:3,0,3,0,0,0,0,2026-07-11T17:51:40Z,2026-07-16T16:22:06Z
io.github.cyanheads/nws-weather-mcp-server,2,output-schema-changed:2,0,2,0,0,0,0,2026-07-11T17:51:40Z,2026-07-11T17:51:40Z
io.github.cyanheads/onebusaway-mcp-server,11,constraint-narrowed:2;output-schema-changed:7;type-changed:2,0,11,0,0,0,0,2026-07-13T16:21:43Z,2026-07-13T16:21:43Z
io.github.cyanheads/open-meteo-mcp-server,6,output-schema-changed:6,0,6,0,0,0,0,2026-07-11T17:51:40Z,2026-07-16T16:22:06Z
io.github.cyanheads/openalex-mcp-server,2,output-schema-changed:2,0,2,0,0,0,0,2026-06-12T16:22:32Z,2026-06-12T16:22:32Z
io.github.cyanheads/openfda-mcp-server,3,output-schema-changed:3,0,3,0,0,0,0,2026-06-12T16:22:32Z,2026-07-11T17:51:40Z
io.github.cyanheads/openfoodfacts-mcp-server,3,output-schema-changed:3,0,3,0,0,0,0,2026-06-13T16:22:33Z,2026-07-11T17:51:40Z
io.github.cyanheads/openlibrary-mcp-server,6,output-schema-changed:6,0,6,0,0,0,0,2026-06-13T16:22:33Z,2026-07-14T16:22:17Z
io.github.cyanheads/openstates-mcp-server,12,constraint-narrowed:2;output-schema-changed:10,0,12,0,0,0,0,2026-06-13T16:22:33Z,2026-07-17T16:22:00Z
io.github.cyanheads/openstreetmap-mcp-server,3,output-schema-changed:3,0,3,0,0,0,0,2026-06-13T16:22:33Z,2026-07-11T17:51:40Z
io.github.cyanheads/orcid-mcp-server,4,constraint-narrowed:1;output-schema-changed:3,0,4,0,0,0,0,2026-06-20T16:22:39Z,2026-07-17T16:22:00Z
io.github.cyanheads/osv-advisory-mcp-server,7,constraint-narrowed:3;output-schema-changed:4,0,7,0,0,0,0,2026-07-11T17:51:40Z,2026-07-12T16:21:45Z
io.github.cyanheads/pokeapi-mcp-server,2,output-schema-changed:1;type-changed:1,0,2,0,0,0,0,2026-07-11T17:51:40Z,2026-07-11T17:51:40Z
io.github.cyanheads/pubchem-mcp-server,6,output-schema-changed:6,0,6,0,0,0,0,2026-06-13T16:22:33Z,2026-07-11T17:51:40Z
io.github.cyanheads/pubmed-mcp-server,4,output-schema-changed:4,0,4,0,0,0,0,2026-06-09T16:22:30Z,2026-07-11T17:51:40Z
io.github.cyanheads/reliefweb-mcp-server,10,output-schema-changed:8;type-changed:2,0,10,0,0,0,0,2026-06-16T16:22:12Z,2026-07-14T16:22:17Z
io.github.cyanheads/secedgar-mcp-server,10,constraint-narrowed:2;output-schema-changed:7;type-changed:1,0,10,0,0,0,0,2026-06-12T16:22:32Z,2026-07-11T17:51:40Z
io.github.cyanheads/smithsonian-mcp-server,7,constraint-narrowed:1;enum-values-removed:1;output-schema-changed:5,0,7,0,0,0,0,2026-06-13T16:22:33Z,2026-07-19T16:22:29Z
io.github.cyanheads/socrata-mcp-server,4,output-schema-changed:4,0,4,0,0,0,0,2026-06-12T16:22:32Z,2026-07-11T17:51:40Z
io.github.cyanheads/stackexchange-mcp-server,3,output-schema-changed:3,0,3,0,0,0,0,2026-06-13T16:22:33Z,2026-07-17T16:22:00Z
io.github.cyanheads/treasury-fiscaldata-mcp-server,1,output-schema-changed:1,0,1,0,0,0,0,2026-06-13T16:22:33Z,2026-06-13T16:22:33Z
io.github.cyanheads/usaspending-mcp-server,14,output-schema-changed:14,0,14,0,0,0,0,2026-06-12T16:22:32Z,2026-07-17T16:22:00Z
io.github.cyanheads/usgs-water-mcp-server,8,constraint-narrowed:4;output-schema-changed:4,0,8,0,0,0,0,2026-07-16T16:22:06Z,2026-07-19T16:22:29Z
io.github.cyanheads/who-gho-mcp-server,1,output-schema-changed:1,0,1,0,0,0,0,2026-06-13T16:22:33Z,2026-06-13T16:22:33Z
io.github.cyanheads/wikidata-mcp-server,4,output-schema-changed:4,0,4,0,0,0,0,2026-06-13T16:22:33Z,2026-07-15T16:22:07Z
io.github.cyanheads/wsdot-mcp-server,1,output-schema-changed:1,0,1,0,0,0,0,2026-07-12T16:21:45Z,2026-07-12T16:21:45Z
io.github.davidmosiah/delx-mcp-a2a,1,required-set-expanded:1,1,0,0,0,0,0,2026-06-10T16:22:37Z,2026-06-10T16:22:37Z
io.github.dimitrilaouanis-tech/onyx-mcp,74,tool-removed:74,0,74,0,0,74,74,2026-07-11T17:51:40Z,2026-07-11T17:51:40Z
io.github.entia-systems-core/entity-verification,1,tool-removed:1,1,0,0,0,1,0,2026-06-15T16:22:20Z,2026-06-15T16:22:20Z
io.github.fxmacrodata/fxmacrodata,3,output-schema-changed:2;type-changed:1,2,1,0,0,0,0,2026-06-17T16:21:56Z,2026-07-11T17:51:40Z
io.github.james-robson/push-realm,51,added-required-param:3;annotation-flip-to-destructive:4;output-schema-changed:14;removed-param:3;tool-removed:27,0,51,0,0,27,27,2026-06-15T16:22:20Z,2026-07-11T17:51:40Z
io.github.kansei-link/kansei-mcp-server,2,tool-removed:2,2,0,0,0,2,0,2026-07-11T17:51:40Z,2026-07-11T17:51:40Z
io.github.kapoost/humanmcp,2,added-required-param:1;required-set-expanded:1,2,0,0,0,0,0,2026-07-11T17:51:40Z,2026-07-17T16:22:00Z
io.github.keploy/mcp,98,tool-removed:98,98,0,0,0,98,96,2026-06-09T16:22:30Z,2026-07-11T17:51:40Z
io.github.khan-ashifur/hooklayer,1,output-schema-changed:1,1,0,0,0,0,0,2026-07-11T17:51:40Z,2026-07-11T17:51:40Z
io.github.lastmanupinc-hub/axis-toolbox,14,annotation-flip-to-destructive:3;output-schema-changed:10;required-set-expanded:1,14,0,0,0,0,0,2026-07-13T16:21:43Z,2026-07-19T16:22:29Z
io.github.makloai/mcp-server-dashform,9,added-required-param:1;removed-param:8,9,0,0,0,0,0,2026-07-11T17:51:40Z,2026-07-11T17:51:40Z
io.github.mirajmahmudul/agentdevx,25,annotation-flip-to-destructive:25,25,0,0,0,0,0,2026-06-12T16:22:32Z,2026-06-12T16:22:32Z
io.github.n-3inc/e-stat,2,type-changed:2,2,0,0,0,0,0,2026-07-16T16:22:06Z,2026-07-16T16:22:06Z
io.github.nathangrotticelli/searchshopai,1,constraint-narrowed:1,1,0,0,0,0,0,2026-07-11T17:51:40Z,2026-07-11T17:51:40Z
io.github.ninihen1/flowstudio-mcp,1,removed-param:1,0,1,0,0,0,0,2026-06-10T16:22:37Z,2026-06-10T16:22:37Z
io.github.ogasurfproject-jpg/horizon-shield,1,removed-param:1,1,0,0,0,0,0,2026-06-19T16:22:20Z,2026-06-19T16:22:20Z
io.github.open-agreements/open-agreements,2,tool-removed:2,2,0,0,0,2,0,2026-06-17T16:21:56Z,2026-06-17T16:21:56Z
io.github.openaccountants/openaccountants,32,added-required-param:1;output-schema-changed:6;tool-removed:25,32,0,0,0,25,25,2026-06-11T16:22:23Z,2026-07-13T16:21:43Z
io.github.outdoorithm/outdoorithm,1,tool-removed:1,1,0,0,0,1,0,2026-07-11T17:51:40Z,2026-07-11T17:51:40Z
io.github.outris-dev-user/outris-identity-mcp,8,tool-removed:8,8,0,0,0,8,8,2026-07-11T17:51:40Z,2026-07-11T17:51:40Z
io.github.paulieb89/pinescript-mcp,4,constraint-narrowed:4,0,4,0,0,0,0,2026-06-15T16:22:20Z,2026-06-15T16:22:20Z
io.github.paulieb89/property-shared,1,removed-param:1,1,0,0,0,0,0,2026-07-17T16:22:00Z,2026-07-17T16:22:00Z
io.github.paulieb89/uk-legal-mcp,60,added-required-param:25;output-schema-changed:8;removed-param:27,8,52,0,0,0,0,2026-06-13T16:22:33Z,2026-07-11T17:51:40Z
io.github.pipeworx-io/aviationstack,1,output-schema-changed:1,1,0,0,0,0,0,2026-07-11T17:51:40Z,2026-07-16T16:22:06Z
io.github.pipeworx-io/bandsintown,3,tool-removed:3,3,0,0,0,3,0,2026-07-11T17:51:40Z,2026-07-11T17:51:40Z
io.github.pipeworx-io/bnm-my,4,tool-removed:4,4,0,0,0,4,0,2026-07-11T17:51:40Z,2026-07-11T17:51:40Z
io.github.pipeworx-io/bnr-ro,2,tool-removed:2,2,0,0,0,2,0,2026-07-11T17:51:40Z,2026-07-11T17:51:40Z
io.github.pipeworx-io/boardgames,3,tool-removed:3,3,0,0,0,3,0,2026-06-11T16:22:23Z,2026-06-11T16:22:23Z
io.github.pipeworx-io/boi-il,3,tool-removed:3,3,0,0,0,3,0,2026-07-11T17:51:40Z,2026-07-11T17:51:40Z
io.github.pipeworx-io/bundestag-de,2,removed-param:2,2,0,0,0,0,0,2026-07-11T17:51:40Z,2026-07-11T17:51:40Z
io.github.pipeworx-io/carbon-intensity-uk,5,tool-removed:5,5,0,0,0,5,5,2026-07-11T17:51:40Z,2026-07-11T17:51:40Z
io.github.pipeworx-io/cnb-cz,5,tool-removed:5,5,0,0,0,5,5,2026-07-11T17:51:40Z,2026-07-11T17:51:40Z
io.github.pipeworx-io/datamuse,2,tool-removed:2,2,0,0,0,2,0,2026-07-11T17:51:40Z,2026-07-11T17:51:40Z
io.github.pipeworx-io/dwds,2,removed-param:2,2,0,0,0,0,0,2026-07-11T17:51:40Z,2026-07-11T17:51:40Z
io.github.pipeworx-io/ecb,4,tool-removed:4,4,0,0,0,4,0,2026-07-11T17:51:40Z,2026-07-11T17:51:40Z
io.github.pipeworx-io/epa-emissions,1,removed-param:1,1,0,0,0,0,0,2026-07-11T17:51:40Z,2026-07-11T17:51:40Z
io.github.pipeworx-io/fbiwanted,2,tool-removed:2,2,0,0,0,2,0,2026-07-11T17:51:40Z,2026-07-11T17:51:40Z
io.github.pipeworx-io/fda,3,tool-removed:3,3,0,0,0,3,0,2026-07-11T17:51:40Z,2026-07-11T17:51:40Z
io.github.pipeworx-io/genius,7,added-required-param:2;removed-param:2;tool-removed:3,7,0,0,0,3,0,2026-06-10T16:22:37Z,2026-06-10T16:22:37Z
io.github.pipeworx-io/govtrack,6,tool-removed:6,6,0,0,0,6,6,2026-06-11T16:22:23Z,2026-06-11T16:22:23Z
io.github.pipeworx-io/hkma-hk,4,tool-removed:4,4,0,0,0,4,0,2026-07-11T17:51:40Z,2026-07-11T17:51:40Z
io.github.pipeworx-io/hnb-hr,2,tool-removed:2,2,0,0,0,2,0,2026-07-11T17:51:40Z,2026-07-11T17:51:40Z
io.github.pipeworx-io/internet-archive,3,tool-removed:3,3,0,0,0,3,0,2026-07-11T17:51:40Z,2026-07-11T17:51:40Z
io.github.pipeworx-io/ip-api,2,tool-removed:2,2,0,0,0,2,0,2026-06-20T16:22:39Z,2026-06-20T16:22:39Z
io.github.pipeworx-io/launch-library,7,tool-removed:7,7,0,0,0,7,7,2026-07-11T17:51:40Z,2026-07-11T17:51:40Z
io.github.pipeworx-io/nbu-ua,5,tool-removed:5,5,0,0,0,5,5,2026-07-11T17:51:40Z,2026-07-11T17:51:40Z
io.github.pipeworx-io/noaa,3,tool-removed:3,3,0,0,0,3,0,2026-07-11T17:51:40Z,2026-07-11T17:51:40Z
io.github.pipeworx-io/numbersapi,4,tool-removed:4,4,0,0,0,4,0,2026-07-11T17:51:40Z,2026-07-11T17:51:40Z
io.github.pipeworx-io/nutrition,2,tool-removed:2,2,0,0,0,2,0,2026-07-11T17:51:40Z,2026-07-11T17:51:40Z
io.github.pipeworx-io/ons-uk,5,tool-removed:5,5,0,0,0,5,5,2026-07-11T17:51:40Z,2026-07-11T17:51:40Z
io.github.pipeworx-io/open-library,4,tool-removed:4,4,0,0,0,4,0,2026-07-11T17:51:40Z,2026-07-11T17:51:40Z
io.github.pipeworx-io/openaq,5,added-required-param:2;removed-param:2;tool-removed:1,5,0,0,0,1,0,2026-07-11T17:51:40Z,2026-07-11T17:51:40Z
io.github.pipeworx-io/openparliament-ca,1,removed-param:1,1,0,0,0,0,0,2026-07-11T17:51:40Z,2026-07-11T17:51:40Z
io.github.pipeworx-io/osv-dev,3,tool-removed:3,3,0,0,0,3,0,2026-07-11T17:51:40Z,2026-07-11T17:51:40Z
io.github.pipeworx-io/pangaea,2,removed-param:2,2,0,0,0,0,0,2026-07-11T17:51:40Z,2026-07-11T17:51:40Z
io.github.pipeworx-io/paperswithcode,5,added-required-param:2;output-schema-changed:1;removed-param:2,5,0,0,0,0,0,2026-07-11T17:51:40Z,2026-07-11T17:51:40Z
io.github.pipeworx-io/poetry,3,tool-removed:3,3,0,0,0,3,0,2026-07-11T17:51:40Z,2026-07-11T17:51:40Z
io.github.pipeworx-io/rxnorm,1,tool-removed:1,1,0,0,0,1,0,2026-07-11T17:51:40Z,2026-07-11T17:51:40Z
io.github.pipeworx-io/sarb-za,5,tool-removed:5,5,0,0,0,5,5,2026-07-11T17:51:40Z,2026-07-11T17:51:40Z
io.github.pipeworx-io/spacex,2,output-schema-changed:2,2,0,0,0,0,0,2026-07-11T17:51:40Z,2026-07-11T17:51:40Z
io.github.pipeworx-io/sports,5,tool-removed:5,5,0,0,0,5,5,2026-07-11T17:51:40Z,2026-07-11T17:51:40Z
io.github.pipeworx-io/statscan,5,tool-removed:5,5,0,0,0,5,5,2026-07-11T17:51:40Z,2026-07-11T17:51:40Z
io.github.pipeworx-io/stooq,2,tool-removed:2,2,0,0,0,2,0,2026-07-11T17:51:40Z,2026-07-11T17:51:40Z
io.github.pipeworx-io/tides,3,tool-removed:3,3,0,0,0,3,0,2026-07-11T17:51:40Z,2026-07-11T17:51:40Z
io.github.pipeworx-io/transit-land,3,removed-param:3,3,0,0,0,0,0,2026-07-11T17:51:40Z,2026-07-11T17:51:40Z
io.github.pipeworx-io/treasury,3,tool-removed:3,3,0,0,0,3,0,2026-07-11T17:51:40Z,2026-07-11T17:51:40Z
io.github.pipeworx-io/twelvedata,8,added-required-param:8,8,0,0,0,0,0,2026-07-11T17:51:40Z,2026-07-11T17:51:40Z
io.github.pipeworx-io/usaspending,1,output-schema-changed:1,1,0,0,0,0,0,2026-07-16T16:22:06Z,2026-07-16T16:22:06Z
io.github.pipeworx-io/usgswater,3,tool-removed:3,3,0,0,0,3,0,2026-07-11T17:51:40Z,2026-07-11T17:51:40Z
io.github.qg-aramai/coremodels,3,constraint-narrowed:3,3,0,0,0,0,0,2026-07-15T16:22:07Z,2026-07-15T16:22:07Z
io.github.rmach816/mesquared-mcp-server,5,constraint-narrowed:2;output-schema-changed:3,0,5,0,0,0,0,2026-07-11T17:51:40Z,2026-07-11T17:51:40Z
io.github.ronrey/comos-federation,53,constraint-narrowed:1;required-set-expanded:1;tool-removed:51,53,0,0,0,51,51,2026-07-11T17:51:40Z,2026-07-16T16:22:06Z
io.github.ronrey/federation,2,constraint-narrowed:1;required-set-expanded:1,2,0,0,0,0,0,2026-07-16T16:22:06Z,2026-07-16T16:22:06Z
io.github.saloprj/dialogbrain,3,enum-values-removed:3,3,0,0,0,0,0,2026-06-16T16:22:12Z,2026-07-11T17:51:40Z
io.github.sunholo-data/parse,1,added-required-param:1,1,0,0,0,0,0,2026-06-11T16:22:23Z,2026-06-11T16:22:23Z
io.github.toshihiroshishido/revenuescope-mcp,1,output-schema-changed:1,0,1,0,0,0,0,2026-07-15T16:22:07Z,2026-07-15T16:22:07Z
io.github.valuein/mcp-sec-edgar,74,constraint-narrowed:1;output-schema-changed:70;tool-removed:1;type-changed:2,3,71,0,0,1,0,2026-06-16T16:22:12Z,2026-07-17T16:22:00Z
io.github.vbhjckfd/timetable-api-node,1,output-schema-changed:1,1,0,0,0,0,0,2026-06-18T16:21:59Z,2026-06-20T16:22:39Z
io.github.vinaybhosle/freightgate-mcp-server,5,enum-values-removed:5,5,0,0,0,0,0,2026-07-18T16:22:26Z,2026-07-18T16:22:26Z
io.github.vincentn-waivern/cookie-checker-gdpr-ccpa-gcmv2,1,output-schema-changed:1,0,1,0,0,0,0,2026-07-11T17:51:40Z,2026-07-11T17:51:40Z
io.github.wnsod/oneqaz-trading-mcp,19,output-schema-changed:15;type-changed:4,19,0,0,0,0,0,2026-07-11T17:51:40Z,2026-07-11T17:51:40Z
io.github.wrbtc/wallet-intelligence,12,constraint-narrowed:4;output-schema-changed:4;type-changed:4,12,0,0,0,0,0,2026-06-11T16:22:23Z,2026-06-16T16:22:12Z
io.huntertech/vendor-insights,2,output-schema-changed:2,2,0,0,0,0,0,2026-07-19T16:22:29Z,2026-07-19T16:22:29Z
io.laraplugins/mcp,2,output-schema-changed:2,2,0,0,0,0,0,2026-06-16T16:22:12Z,2026-07-11T17:51:40Z
io.simplyprint/simplyprint,1,removed-param:1,1,0,0,0,0,0,2026-07-11T17:51:40Z,2026-07-11T17:51:40Z
io.stablebaseline/sb,4,output-schema-changed:1;removed-param:1;tool-removed:1;type-changed:1,4,0,0,0,1,0,2026-06-13T16:22:33Z,2026-07-11T17:51:40Z
io.szum/charts,3,output-schema-changed:3,2,1,0,0,0,0,2026-07-14T16:22:17Z,2026-07-19T16:22:29Z
no.apier/mcp,16,constraint-narrowed:1;enum-values-removed:1;output-schema-changed:13;tool-removed:1,16,0,0,0,1,0,2026-06-10T16:22:37Z,2026-07-12T16:21:45Z
no.firmaradar/mcp,9,output-schema-changed:9,5,4,0,0,0,0,2026-06-10T16:22:37Z,2026-07-14T16:22:17Z
no.synligdigital/aeo-audit,3,tool-removed:3,0,3,0,0,3,0,2026-07-11T17:51:40Z,2026-07-11T17:51:40Z
run.stas/stas,2,added-required-param:1;removed-param:1,2,0,0,0,0,0,2026-06-12T16:22:32Z,2026-06-12T16:22:32Z
sh.releases/mcp,1,removed-param:1,1,0,0,0,0,0,2026-06-20T16:22:39Z,2026-06-20T16:22:39Z
sh.stipple/openwarrant,1,type-changed:1,1,0,0,0,0,0,2026-06-11T16:22:23Z,2026-06-11T16:22:23Z
to.plate/mcp,8,output-schema-changed:3;removed-param:3;required-set-expanded:2,8,0,0,0,0,0,2026-07-14T16:22:17Z,2026-07-15T16:22:07Z
travel.kismet/mcp-server,18,annotation-flip-to-destructive:4;output-schema-changed:8;tool-removed:6,18,0,0,0,6,6,2026-06-11T16:22:23Z,2026-07-13T16:21:43Z
xyz.picoads/picoads,8,tool-removed:8,8,0,0,0,8,8,2026-06-19T16:22:20Z,2026-06-19T16:22:20Z
xyz.twzrd.intel/twzrd-agent-intel,6,output-schema-changed:4;tool-removed:1;type-changed:1,1,5,0,0,1,0,2026-06-10T16:22:37Z,2026-07-12T16:21:45Z
